CustomerID,Name,Age,Gender,City,Income,PurchaseAmount,PurchaseDate
1001,Anita,22,Female,Bengaluru,35000.0,2500.0,2026-01-05
1002,Rahul,25,Male,Mysuru,42000.0,3200.0,2026-01-08
1003,Priya,27,Female,Bengaluru,38000.0,2800.0,2026-01-10
1004,Arjun,29,Male,Hubli,45000.0,4100.0,2026-01-12
1005,Sneha,24,Female,Mysuru,41000.0,3000.0,2026-01-15
1006,Kiran,31,Male,Bengaluru,52000.0,4700.0,2026-01-15
1007,Vijay,27,Male,Hubli,40000.0,3500.0,2026-01-18
1008,Meena,23,Female,Bengaluru,36000.0,3300.0,2026-01-20
1009,Ravi,30,Male,Mysuru,48000.0,3900.0,2026-01-22
1010,Divya,26,Female,Bengaluru,41000.0,3300.0,2026-01-25
1011,Suresh,28,Male,Bengaluru,46000.0,3600.0,2026-01-28
1012,Asha,21,Female,Mysuru,32000.0,2200.0,2026-02-01
1013,Manoj,33,Male,Hubli,55000.0,5000.0,2026-02-04
1014,Nisha,27,Female,Bengaluru,39000.0,3100.0,2026-02-07
